display_name,stub,dropdown_parent
Home,/,
Exhibit,,
Spanish-American War,/spanish-american.html,Exhibit
International Fairs,/international.html,Exhibit
"Centennial Exhibition (Philadelphia, 1876)",/centennial.html,Exhibit
"Columbian Exposition (Chicago, 1893)",/columbian.html,Exhibit
"Pan-American Exposition (Buffalo, 1901)",/pan-american.html,Exhibit
"Louisiana Purchase Exposition (St. Louis, 1904)",/louisiana.html,Exhibit
Browse,/browse.html,
Subjects,/subjects.html,
Locations,/locations.html,
Map,/map.html,
Timeline,/timeline.html,
Data,/data.html,
About,/about.html,